Localidade;Microrregiões Geográficas;Mesorregiões Geográficas;População;porte;IDHM;Índice de Gini;Desp. Saúde 2018;Desp. Saúde Per Capta 2018;PIB médio de 2014 a 2020;PIB 2014;PIB 2016;PIB 2018;PIB 2020;IDM 2014;IDM 2016;IDM 2018;IDM 2020;IEGM 2015;IEGM 2016;IEGM 2017;IEGM 2018
Abadia de Goiás;MRG GOIÂNIA;CENTRO GOIANO;19.128;pequeno porte I;0,708;0,43;5.963.972,83;311,79;25.578,34;23.960,79;20.664,57;26.506,00;31.182,00;7,06;7,22;7,74;6,02;B;B;B;B+
Abadiânia;MRG ENTORNO DE BRASÍLIA;LESTE GOIANO;17.232;pequeno porte I;0,689;0,44;10.094.604,89;585,81;16.960,34;15.900,94;15.628,40;16.133,00;20.179,00;6,83;5,83;6,60;6,04;B;B;B;B
Acreúna;MRG VALE DO RIO DOS BOIS;SUL GOIANO;21.568;pequeno porte II;0,686;0,54;13.255.598,07;614,60;29.537,59;24.160,44;28.048,90;30.271,00;35.670,00;6,94;7,47;6,84;7,01;C+;B;B+;B
Adelândia;MRG ANICUNS;CENTRO GOIANO;2.297;pequeno porte I;0,702;0,43;3.211.560,39;1.398,15;13.941,16;11.906,48;12.481,14;14.519,00;16.858,00;7,68;6,62;7,49;7,77;B+;B;A;A
Água Fria de Goiás;MRG ENTORNO DE BRASÍLIA;LESTE GOIANO;4.954;pequeno porte I;0,671;0,61;4.866.053,55;982,25;46.255,84;29.967,12;49.715,24;45.026,00;60.315,00;6,71;6,40;8,47;8,98;B;B;B;B
Água Limpa;MRG MEIA PONTE;SUL GOIANO;1.858;pequeno porte I;0,722;0,47;2.807.532,53;1.511,05;24.863,52;23.326,14;22.038,95;24.236,00;29.853,00;8,26;6,95;7,93;8,03;B;B;-;B+
Águas Lindas de Goiás;MRG ENTORNO DE BRASÍLIA;LESTE GOIANO;225.693;grande porte;0,686;0,45;53.776.320,22;238,27;8.760,52;7.836,24;8.510,85;9.100,00;9.595,00;3,85;4,45;3,65;3,90;B;B+;B+;B+
Alexânia;MRG ENTORNO DE BRASÍLIA;LESTE GOIANO;27.008;pequeno porte II;0,682;0,48;15.075.693,91;558,19;36.035,15;25.948,70;52.951,89;29.732,00;35.508,00;5,76;6,64;7,22;7,09;-;C+;B+;B+
Aloândia;MRG MEIA PONTE;SUL GOIANO;1.973;pequeno porte I;0,697;0,45;3.893.889,74;1.973,59;20.801,07;16.358,45;18.672,82;20.868,00;27.305,00;9,24;8,34;8,60;8,53;B+;B;A;B+
Alto Horizonte;MRG PORANGATU;NORTE GOIANO;6.072;pequeno porte I;0,719;0,50;14.916.918,32;2.456,67;106.120,22;88.893,00;69.673,86;146.833,00;119.081,00;6,80;7,24;7,07;7,42;-;B;B+;B+
Alto Paraíso de Goiás;MRG CHAPADA DOS VEADEIROS;NORTE GOIANO;10.306;pequeno porte I;0,713;0,66;5.239.295,97;508,37;22.424,23;16.255,80;21.484,13;22.173,00;29.784,00;7,37;7,39;7,87;7,27;-;-;B+;-
Alvorada do Norte;MRG VÃO DO PARANÃ;LESTE GOIANO;8.446;pequeno porte I;0,660;0,50;7.795.026,73;922,93;14.538,29;12.320,18;13.101,98;14.930,00;17.801,00;8,50;7,46;8,21;8,54;B;A;B+;A
Amaralina;MRG PORANGATU;NORTE GOIANO;3.268;pequeno porte I;0,609;0,56;2.973.464,88;909,87;16.201,70;12.307,31;13.710,48;15.906,00;22.883,00;5,41;7,91;7,33;7,28;A;B;B+;B+
Americano do Brasil;MRG ANICUNS;CENTRO GOIANO;5.259;pequeno porte I;0,700;0,42;4.484.945,77;852,81;11.969,72;9.996,70;13.707,17;11.153,00;13.022,00;7,88;7,92;8,33;8,06;B;B+;A;B+
Amorinópolis;MRG IPORÁ;CENTRO GOIANO;3.007;pequeno porte I;0,681;0,43;4.348.392,59;1.446,09;19.033,94;15.185,98;15.863,76;19.074,00;26.012,00;8,78;8,44;9,00;8,80;-;B;C+;C+
Anápolis;MRG ANÁPOLIS;CENTRO GOIANO;398.869;grande porte;0,737;0,52;283.360.946,94;710,41;36.705,41;35.152,18;35.372,45;37.277,00;39.020,00;6,99;7,02;6,29;6,17;B+;B;B+;B
Anhanguera;MRG CATALÃO;SUL GOIANO;924;pequeno porte I;0,725;0,39;2.024.901,73;2.191,45;15.791,82;13.871,53;14.291,76;15.726,00;19.278,00;7,27;6,29;7,90;8,08;C+;C;B;B+
Anicuns;MRG ANICUNS;CENTRO GOIANO;18.503;pequeno porte I;0,714;0,48;11.733.201,68;634,12;18.648,30;17.168,11;18.907,07;17.821,00;20.697,00;6,79;5,87;6,61;7,49;-;-;B+;B+
Aparecida de Goiânia;MRG GOIÂNIA;CENTRO GOIANO;527.796;grande porte;0,718;0,49;349.054.834,32;661,34;23.491,32;22.837,32;22.514,94;23.440,00;25.173,00;5,62;5,90;5,77;5,54;B+;B+;B+;B+
Aparecida do Rio Doce;MRG SUDOESTE DE GOIÁS;SUL GOIANO;2.907;pequeno porte I;0,693;0,52;4.144.152,29;1.425,58;30.979,45;26.726,42;29.396,37;30.113,00;37.682,00;6,42;7,35;7,62;7,62;-;B;A;B+
Aporé;MRG SUDOESTE DE GOIÁS;SUL GOIANO;4.325;pequeno porte I;0,693;0,46;6.818.042,33;1.576,43;67.129,08;45.005,11;73.609,20;76.880,00;73.022,00;8,42;8,61;7,70;8,02;B;C+;B+;B+
Araçu;MRG ANÁPOLIS;CENTRO GOIANO;3.799;pequeno porte I;0,693;0,54;4.686.885,91;1.233,72;15.178,09;12.293,24;13.826,10;15.008,00;19.585,00;8,22;8,28;8,01;7,12;B;B+;B+;B
Aragarças;MRG ARAGARÇAS;NOROESTE GOIANO;18.390;pequeno porte I;0,732;0,46;11.882.715,33;646,15;11.477,25;10.176,35;10.897,66;12.267,00;12.568,00;7,45;7,80;7,70;8,16;B+;C;B;B
Aragoiânia;MRG GOIÂNIA;CENTRO GOIANO;11.890;pequeno porte I;0,684;0,47;6.665.873,75;560,63;11.288,82;10.007,75;10.318,54;10.709,00;14.120,00;7,50;7,44;8,07;7,36;-;B;B;B
Araguapaz;MRG RIO VERMELHO;NOROESTE GOIANO;7.153;pequeno porte I;0,674;0,54;6.333.347,36;885,41;15.595,44;13.128,99;14.622,77;15.546,00;19.084,00;7,46;7,51;7,87;7,17;A;A;B+;A
Arenópolis;MRG ARAGARÇAS;NOROESTE GOIANO;2.946;pequeno porte I;0,687;0,51;3.783.562,27;1.284,30;47.314,20;35.466,32;30.767,47;52.960,00;70.063,00;9,00;9,28;8,72;8,64;-;C+;C+;-
Aruanã;MRG RIO VERMELHO;NOROESTE GOIANO;8.300;pequeno porte I;0,675;0,52;6.766.534,05;815,25;20.149,83;16.784,43;18.184,90;22.991,00;22.639,00;7,94;7,39;6,80;6,65;B+;B+;A;A
Aurilândia;MRG ANICUNS;CENTRO GOIANO;3.284;pequeno porte I;0,700;0,44;3.457.793,37;1.052,92;18.219,70;15.196,01;16.113,79;17.869,00;23.700,00;6,73;7,41;7,42;6,80;B+;B+;A;-
Avelinópolis;MRG ANICUNS;CENTRO GOIANO;2.868;pequeno porte I;0,660;0,59;2.810.434,52;979,93;20.057,62;19.133,13;18.425,35;18.325,00;24.347,00;8,76;9,18;8,70;8,79;A;B;B+;B+
Baliza;MRG ARAGARÇAS;NOROESTE GOIANO;3.351;pequeno porte I;0,655;0,58;3.949.046,42;1.178,47;15.830,44;13.901,33;15.828,43;15.566,00;18.026,00;5,59;5,37;5,55;7,11;B;B;B+;B
Barro Alto;MRG CERES;CENTRO GOIANO;10.371;pequeno porte I;0,742;0,45;11.312.897,48;1.090,82;88.029,88;56.628,81;77.671,72;84.166,00;133.653,00;7,92;7,76;7,84;7,24;B+;B;B+;B
Bela Vista de Goiás;MRG GOIÂNIA;CENTRO GOIANO;34.445;pequeno porte II;0,716;0,52;21.810.073,52;633,19;33.566,63;29.000,57;28.950,93;32.976,00;43.339,00;8,26;7,46;7,93;7,09;B+;B;B+;B+
Bom Jardim de Goiás;MRG ARAGARÇAS;NOROESTE GOIANO;7.826;pequeno porte I;0,670;0,50;5.091.756,82;650,62;17.893,71;15.322,58;16.231,26;19.075,00;20.946,00;7,65;8,41;7,67;8,07;B+;B+;A;B+
Bom Jesus de Goiás;MRG MEIA PONTE;SUL GOIANO;23.958;pequeno porte II;0,701;0,51;12.053.071,80;503,09;31.018,82;25.161,74;32.368,53;30.150,00;36.395,00;6,66;6,84;7,32;7,73;B;B;B;B
Bonfinópolis;MRG GOIÂNIA;CENTRO GOIANO;10.296;pequeno porte I;0,683;0,45;5.388.128,03;523,32;9.100,15;8.426,65;8.096,93;9.178,00;10.699,00;8,22;7,18;7,34;6,98;C+;B;A;A
Bonópolis;MRG PORANGATU;NORTE GOIANO;3.299;pequeno porte I;0,630;0,43;3.213.392,02;974,05;22.197,63;18.618,96;22.457,55;22.149,00;25.565,00;6,99;7,59;7,83;7,29;B+;B+;A;B+
Brazabrantes;MRG ANÁPOLIS;CENTRO GOIANO;3.992;pequeno porte I;0,701;0,41;4.097.980,46;1.026,55;26.389,71;21.973,85;31.857,99;29.765,00;21.962,00;7,90;7,35;8,08;6,65;A;B+;A;A
Britânia;MRG RIO VERMELHO;NOROESTE GOIANO;5.695;pequeno porte I;0,672;0,56;5.741.398,01;1.008,15;20.357,63;16.238,65;17.975,85;19.624,00;27.592,00;8,30;8,20;8,50;7,00;B;B+;-;A
Buriti Alegre;MRG MEIA PONTE;SUL GOIANO;10.495;pequeno porte I;0,710;0,45;6.325.487,87;602,71;31.618,83;21.815,25;31.622,05;32.991,00;40.047,00;6,30;7,37;8,40;7,91;B+;B+;B+;B
Buriti de Goiás;MRG ANICUNS;CENTRO GOIANO;2.732;pequeno porte I;0,687;0,49;4.274.836,50;1.564,73;15.783,97;13.515,02;14.273,85;15.223,00;20.124,00;8,98;8,76;9,23;8,68;-;A;B+;B
Buritinópolis;MRG VÃO DO PARANÃ;LESTE GOIANO;3.145;pequeno porte I;0,704;0,78;3.238.924,41;1.029,86;20.274,23;7.685,71;24.767,22;22.850,00;25.794,00;6,13;6,32;7,97;7,98;B+;C+;B;-
Cabeceiras;MRG ENTORNO DE BRASÍLIA;LESTE GOIANO;7.560;pequeno porte I;0,668;0,50;4.926.537,70;651,66;31.781,46;26.497,59;34.393,25;27.594,00;38.641,00;7,30;8,23;7,67;8,10;-;B+;A;A
Cachoeira Alta;MRG QUIRINÓPOLIS;SUL GOIANO;11.513;pequeno porte I;0,710;0,52;10.469.635,11;909,38;21.173,14;21.001,34;21.782,23;19.219,00;22.690,00;7,29;8,01;9,07;8,58;-;-;B+;B+
Cachoeira de Goiás;MRG IPORÁ;CENTRO GOIANO;1.405;pequeno porte I;0,727;0,47;2.876.426,60;2.047,28;19.930,92;16.865,37;17.600,30;20.102,00;25.156,00;7,34;6,96;7,04;7,71;-;B+;A;B+
Cachoeira Dourada;MRG MEIA PONTE;SUL GOIANO;7.782;pequeno porte I;0,698;0,48;9.379.105,93;1.205,23;85.245,25;64.508,28;114.807,73;110.272,00;51.393,00;8,67;8,75;7,63;8,68;B;B;B;B
Caçu;MRG QUIRINÓPOLIS;SUL GOIANO;13.774;pequeno porte I;0,730;0,54;18.867.327,97;1.369,78;50.172,68;33.460,05;53.694,65;57.727,00;55.809,00;7,11;8,41;8,32;8,33;B;-;B+;B+
Caiapônia;MRG SUDOESTE DE GOIÁS;SUL GOIANO;16.513;pequeno porte I;0,693;0,53;13.707.916,48;830,13;32.251,40;28.520,22;34.636,37;35.927,00;29.922,00;6,21;6,16;8,11;7,27;C+;B+;A;A
Caldas Novas;MRG MEIA PONTE;SUL GOIANO;98.622;médio porte;0,733;0,51;54.860.218,82;556,27;26.865,37;24.717,26;26.695,20;28.676,00;27.373,00;6,16;6,11;6,31;6,27;B+;B;A;B+
Caldazinha;MRG GOIÂNIA;CENTRO GOIANO;4.507;pequeno porte I;0,685;0,47;2.503.991,91;555,58;14.305,41;11.881,51;12.144,12;13.478,00;19.718,00;7,64;8,12;7,64;7,45;A;-;B+;A
Campestre de Goiás;MRG VALE DO RIO DOS BOIS;SUL GOIANO;3.755;pequeno porte I;0,653;0,45;3.120.846,74;831,12;14.829,69;13.304,88;13.525,88;16.035,00;16.453,00;5,99;7,56;7,71;8,32;-;-;B+;B+
Campinaçu;MRG PORANGATU;NORTE GOIANO;3.708;pequeno porte I;0,631;0,56;4.800.347,96;1.294,59;16.458,19;14.187,24;13.341,50;16.909,00;21.395,00;7,91;8,11;7,83;9,73;B+;B+;B+;B+
Campinorte;MRG PORANGATU;NORTE GOIANO;12.510;pequeno porte I;0,688;0,49;6.968.109,33;557,00;18.636,78;16.789,15;15.917,97;18.132,00;23.708,00;7,19;7,31;7,63;7,93;B;B;B+;B
Campo Alegre de Goiás;MRG CATALÃO;SUL GOIANO;7.422;pequeno porte I;0,694;0,47;7.316.729,27;985,82;59.366,39;50.879,36;55.960,20;55.469,00;75.157,00;8,38;8,43;8,23;8,70;B;B+;B+;B+
Campo Limpo de Goiás;MRG ANÁPOLIS;CENTRO GOIANO;8.081;pequeno porte I;0,661;0,43;5.216.301,70;645,50;13.721,68;12.279,46;11.314,24;13.283,00;18.010,00;6,06;6,11;5,82;6,12;-;-;B+;B
Campos Belos;MRG CHAPADA DOS VEADEIROS;NORTE GOIANO;18.108;pequeno porte I;0,692;0,56;15.381.962,91;849,46;13.207,65;12.199,79;12.562,82;13.598,00;14.470,00;7,21;7,09;7,26;7,51;-;B;B+;B
Campos Verdes;MRG PORANGATU;NORTE GOIANO;4.005;pequeno porte I;0,654;0,47;4.957.058,56;1.237,72;17.364,22;11.844,00;11.984,88;18.196,00;27.432,00;7,55;7,76;7,93;6,63;B+;C;B+;B+
Carmo do Rio Verde;MRG CERES;CENTRO GOIANO;9.710;pequeno porte I;0,713;0,46;5.228.012,69;538,42;24.166,23;19.594,64;25.795,29;25.025,00;26.250,00;7,36;7,67;7,98;7,20;-;A;A;B
Castelândia;MRG SUDOESTE DE GOIÁS;SUL GOIANO;2.985;pequeno porte I;0,701;0,59;3.694.938,34;1.237,84;24.269,54;19.752,23;23.482,92;29.264,00;24.579,00;7,06;8,11;8,95;9,09;B;C+;B+;B
Catalão;MRG CATALÃO;SUL GOIANO;114.427;grande porte;0,766;0,51;61.306.557,10;535,77;60.106,16;59.075,89;58.559,74;57.291,00;65.498,00;6,14;6,37;6,75;6,77;B;-;B+;B+
Caturaí;MRG ANÁPOLIS;CENTRO GOIANO;5.184;pequeno porte I;0,664;0,44;4.732.072,79;912,82;13.559,72;11.382,86;14.316,01;13.553,00;14.987,00;7,90;8,49;9,22;8,95;B+;-;A;B+
Cavalcante;MRG CHAPADA DOS VEADEIROS;NORTE GOIANO;9.583;pequeno porte I;0,584;0,63;7.884.701,42;822,78;29.724,66;21.428,74;25.303,89;26.122,00;46.044,00;6,30;7,07;7,65;7,15;B+;B;B;B
Ceres;MRG CERES;CENTRO GOIANO;22.046;pequeno porte II;0,775;0,53;39.609.388,70;1.796,67;24.596,17;21.356,66;22.670,01;24.894,00;29.464,00;9,05;9,02;8,86;8,23;B+;B+;B+;B+
Cezarina;MRG VALE DO RIO DOS BOIS;SUL GOIANO;8.090;pequeno porte I;0,711;0,48;5.313.786,80;656,83;34.606,69;33.627,52;32.385,23;33.748,00;38.666,00;7,95;6,70;8,37;7,79;B+;B+;B+;A
Chapadão do Céu;MRG SUDOESTE DE GOIÁS;SUL GOIANO;12.870;pequeno porte I;0,742;0,42;16.789.160,67;1.304,52;126.569,43;97.839,39;121.054,33;112.384,00;175.000,00;8,72;8,15;9,20;8,72;B;B;B+;B
Cidade Ocidental;MRG ENTORNO DE BRASÍLIA;LESTE GOIANO;91.767;médio porte;0,717;0,52;25.413.743,32;276,94;10.809,72;9.342,66;10.694,22;11.394,00;11.808,00;5,52;6,15;6,77;6,73;C;-;B+;B+
Cocalzinho de Goiás;MRG ENTORNO DE BRASÍLIA;LESTE GOIANO;25.016;pequeno porte II;0,657;0,49;10.692.123,29;427,41;15.913,92;14.444,90;14.789,79;16.327,00;18.094,00;7,03;7,29;7,41;7,23;-;-;B;B
Colinas do Sul;MRG CHAPADA DOS VEADEIROS;NORTE GOIANO;4.030;pequeno porte I;0,658;0,51;5.113.557,19;1.268,87;13.360,15;11.745,10;11.540,49;13.309,00;16.846,00;7,89;8,00;8,54;7,54;B+;C+;B;B
Córrego do Ouro;MRG IPORÁ;CENTRO GOIANO;2.454;pequeno porte I;0,686;0,49;4.119.371,74;1.678,64;20.413,76;17.252,55;17.697,49;19.360,00;27.345,00;8,03;7,50;9,16;9,81;B+;B;A;A
Corumbá de Goiás;MRG ENTORNO DE BRASÍLIA;LESTE GOIANO;10.562;pequeno porte I;0,680;0,52;7.268.478,33;688,17;15.661,96;12.668,94;12.933,88;15.791,00;21.254,00;7,06;7,27;8,36;7,06;-;B;B+;-
Corumbaíba;MRG CATALÃO;SUL GOIANO;9.164;pequeno porte I;0,698;0,48;9.817.768,32;1.071,34;56.592,72;49.317,11;48.718,78;61.515,00;66.820,00;8,75;8,29;8,40;8,71;A;B+;B;B+
Cristalina;MRG ENTORNO DE BRASÍLIA;LESTE GOIANO;62.337;médio porte;0,699;0,58;40.569.782,50;650,81;43.287,44;34.957,51;42.330,24;40.301,00;55.561,00;6,18;6,76;6,72;7,01;B;B+;B+;B+
Cristianópolis;MRG PIRES DO RIO;SUL GOIANO;3.504;pequeno porte I;0,688;0,53;3.239.545,18;924,53;26.207,72;28.605,68;22.427,18;24.729,00;29.069,00;8,52;8,71;8,32;7,86;-;-;B;B
Crixás;MRG SÃO MIGUEL DO ARAGUAIA;NOROESTE GOIANO;17.065;pequeno porte I;0,708;0,56;12.967.423,04;759,88;28.429,34;22.319,11;23.428,26;30.962,00;37.008,00;7,98;8,36;8,68;8,34;B;-;B;B+
Cromínia;MRG MEIA PONTE;SUL GOIANO;3.883;pequeno porte I;0,706;0,52;4.471.862,77;1.151,65;19.668,34;16.216,56;17.814,81;20.076,00;24.566,00;8,00;7,59;9,15;9,29;B;B;B+;-
Cumari;MRG CATALÃO;SUL GOIANO;2.927;pequeno porte I;0,737;0,59;4.162.129,06;1.421,98;22.229,83;20.683,52;20.105,80;21.094,00;27.036,00;7,69;7,72;8,52;8,51;C;B;A;B+
Damianópolis;MRG VÃO DO PARANÃ;LESTE GOIANO;3.770;pequeno porte I;0,654;0,56;3.684.868,84;977,42;10.041,26;8.313,44;9.047,60;10.181,00;12.623,00;8,27;8,14;9,02;8,82;-;-;A;-
Damolândia;MRG ANÁPOLIS;CENTRO GOIANO;2.724;pequeno porte I;0,697;0,49;3.486.454,37;1.279,90;13.372,73;12.426,60;12.583,33;13.597,00;14.884,00;7,82;8,88;9,64;8,90;B+;C;B+;B+
Davinópolis;MRG CATALÃO;SUL GOIANO;1.902;pequeno porte I;0,716;0,40;3.486.519,08;1.833,08;174.160,78;74.085,73;148.316,37;185.551,00;288.690,00;7,12;8,40;8,00;7,79;-;-;B;B+
Diorama;MRG ARAGARÇAS;NOROESTE GOIANO;2.062;pequeno porte I;0,729;0,41;3.570.745,21;1.731,69;22.016,84;16.970,33;19.679,01;22.147,00;29.271,00;9,34;9,75;9,38;9,76;B+;B;B+;B+
Divinópolis de Goiás;MRG VÃO DO PARANÃ;LESTE GOIANO;4.457;pequeno porte I;0,653;0,59;4.473.438,44;1.003,69;14.161,94;10.872,85;11.745,90;16.911,00;17.118,00;6,91;8,20;8,87;8,49;B+;B+;B+;B
Doverlândia;MRG SUDOESTE DE GOIÁS;SUL GOIANO;6.956;pequeno porte I;0,668;0,46;6.682.212,47;960,64;34.001,50;23.072,29;26.788,69;49.081,00;37.064,00;7,64;8,27;8,71;9,11;A;B;B;B
Edealina;MRG VALE DO RIO DOS BOIS;SUL GOIANO;4.001;pequeno porte I;0,702;0,51;4.591.782,87;1.147,66;62.175,73;56.305,89;63.109,02;34.118,00;95.170,00;9,37;8,66;8,93;8,70;B+;B+;B+;A
Edéia;MRG VALE DO RIO DOS BOIS;SUL GOIANO;11.747;pequeno porte I;0,739;0,54;12.080.530,21;1.028,39;97.686,17;40.671,87;58.818,79;225.444,00;65.810,00;7,56;8,74;8,53;8,03;B+;A;B+;B+
Estrela do Norte;MRG PORANGATU;NORTE GOIANO;3.205;pequeno porte I;0,707;0,48;3.247.342,63;1.013,21;12.401,47;13.772,51;13.092,37;4.250,00;18.491,00;6,44;8,45;8,46;8,54;B;B+;B;B+
Faina;MRG RIO VERMELHO;NOROESTE GOIANO;7.070;pequeno porte I;0,650;0,47;5.459.991,85;772,28;20.539,00;13.515,49;15.673,49;32.757,00;20.210,00;7,89;8,35;8,44;7,81;B+;B+;A;B
Fazenda Nova;MRG IPORÁ;CENTRO GOIANO;5.877;pequeno porte I;0,685;0,47;4.291.854,99;730,28;17.105,95;14.654,04;16.436,75;15.218,00;22.115,00;8,06;7,79;8,14;8,28;-;C+;A;B+
Firminópolis;MRG ANICUNS;CENTRO GOIANO;10.419;pequeno porte I;0,732;0,44;6.860.443,81;658,46;17.616,52;11.128,65;12.227,44;30.679,00;16.431,00;7,70;8,11;7,81;7,84;-;A;A;A
Flores de Goiás;MRG VÃO DO PARANÃ;LESTE GOIANO;13.744;pequeno porte I;0,597;0,63;6.784.359,57;493,62;10.146,78;8.960,94;9.487,18;10.931,00;11.208,00;5,83;6,49;7,09;6,66;-;B;-;C+
Formosa;MRG ENTORNO DE BRASÍLIA;LESTE GOIANO;115.901;grande porte;0,744;0,56;54.819.657,32;472,99;50.270,91;15.547,93;18.456,69;144.936,00;22.143,00;6,21;6,67;6,38;6,08;-;B;B;B+
Formoso;MRG PORANGATU;NORTE GOIANO;4.660;pequeno porte I;0,715;0,57;5.040.671,50;1.081,69;12.014,11;11.772,28;12.971,17;550,00;22.763,00;7,64;7,59;8,98;8,35;-;B+;B+;B+
Gameleira de Goiás;MRG PIRES DO RIO;SUL GOIANO;3.456;pequeno porte I;0,659;0,54;5.391.200,03;1.559,95;38.385,86;26.797,26;34.753,16;35.453,00;56.540,00;6,47;7,09;7,30;6,57;A;B+;C+;B+
Goianápolis;MRG GOIÂNIA;CENTRO GOIANO;13.967;pequeno porte I;0,703;0,53;6.704.990,58;480,06;17.260,63;13.923,20;14.700,31;18.677,00;21.742,00;8,36;7,39;8,18;7,74;B;B+;B;B+
Goiandira;MRG CATALÃO;SUL GOIANO;4.973;pequeno porte I;0,760;0,43;4.024.213,40;809,21;21.817,27;15.565,01;20.122,06;23.327,00;28.255,00;8,30;7,95;9,40;9,33;-;B+;A;A
Goianésia;MRG CERES;CENTRO GOIANO;73.707;médio porte;0,727;0,47;43.515.858,24;590,39;19.317,62;16.141,13;18.620,35;20.109,00;22.400,00;7,60;8,00;8,01;8,27;-;-;B+;B+
Goiânia;MRG GOIÂNIA;CENTRO GOIANO;1.437.366;metrópole;0,799;0,59;1.170.289.208,13;814,19;32.939,50;32.718,00;32.209,01;33.004,00;33.827,00;6,90;6,71;6,44;6,00;B;B+;B;B+
Goianira;MRG GOIÂNIA;CENTRO GOIANO;71.916;médio porte;0,694;0,41;20.379.906,50;283,38;19.823,82;16.742,52;19.640,77;21.705,00;21.207,00;7,13;7,45;7,73;7,86;A;B+;B+;B+
Goiás;MRG RIO VERMELHO;NOROESTE GOIANO;24.071;pequeno porte II;0,709;0,53;22.509.923,60;935,15;20.910,71;17.242,37;16.933,45;20.137,00;29.330,00;8,90;8,45;8,13;8,30;B+;-;B+;B+
Goiatuba;MRG MEIA PONTE;SUL GOIANO;35.664;pequeno porte II;0,725;0,52;27.057.834,64;758,69;44.610,71;34.110,60;43.031,23;45.435,00;55.866,00;7,83;7,69;8,70;8,84;-;B;B+;B
Gouvelândia;MRG QUIRINÓPOLIS;SUL GOIANO;4.390;pequeno porte I;0,674;0,45;4.905.360,79;1.117,39;29.301,62;24.586,04;33.660,44;30.892,00;28.068,00;6,29;6,62;6,17;7,03;C+;B+;B+;B+
Guapó;MRG GOIÂNIA;CENTRO GOIANO;19.545;pequeno porte I;0,697;0,56;8.237.541,43;421,47;14.004,51;11.388,39;11.896,65;14.366,00;18.367,00;6,52;7,08;7,27;6,98;B+;C;B+;B
Guaraíta;MRG CERES;CENTRO GOIANO;2.188;pequeno porte I;0,687;0,42;3.143.132,28;1.436,53;15.940,75;11.665,76;13.576,25;16.237,00;22.284,00;5,78;7,62;7,67;8,20;-;-;-;-
Guarani de Goiás;MRG VÃO DO PARANÃ;LESTE GOIANO;4.085;pequeno porte I;0,637;0,49;3.773.359,17;923,71;12.872,84;9.557,93;10.616,44;13.511,00;17.806,00;6,22;7,04;7,53;6,52;B+;B;B+;B+
Guarinos;MRG CERES;CENTRO GOIANO;2.161;pequeno porte I;0,652;0,47;2.994.007,95;1.385,47;24.366,75;13.293,22;21.831,78;31.723,00;30.619,00;6,08;7,16;7,51;7,42;-;-;B+;B+
Heitoraí;MRG ANÁPOLIS;CENTRO GOIANO;3.354;pequeno porte I;0,694;0,53;3.931.287,07;1.172,12;14.272,95;11.333,35;12.140,45;15.197,00;18.421,00;8,16;8,34;9,03;9,42;-;B+;-;B+
Hidrolândia;MRG GOIÂNIA;CENTRO GOIANO;27.742;pequeno porte II;0,706;0,47;14.638.183,99;527,65;42.273,46;25.701,03;36.399,81;53.847,00;53.146,00;7,37;7,57;7,67;7,84;A;A;A;C+
Hidrolina;MRG CERES;CENTRO GOIANO;3.545;pequeno porte I;0,677;0,43;3.535.358,68;997,28;16.208,02;13.559,58;14.155,50;15.437,00;21.680,00;6,48;8,61;8,64;8,30;A;B+;A;B+
Iaciara;MRG VÃO DO PARANÃ;LESTE GOIANO;10.584;pequeno porte I;0,644;0,55;6.958.986,50;657,50;11.555,43;9.772,21;10.710,49;11.694,00;14.045,00;5,80;6,98;6,17;6,52;B;-;C+;B
Inaciolândia;MRG MEIA PONTE;SUL GOIANO;5.954;pequeno porte I;0,692;0,45;5.335.585,31;896,13;32.602,44;24.919,93;34.726,83;34.104,00;36.659,00;8,13;7,57;8,78;8,73;B;C;B;B
Indiara;MRG VALE DO RIO DOS BOIS;SUL GOIANO;17.061;pequeno porte I;0,701;0,46;10.047.770,83;588,93;22.653,49;21.367,99;21.966,96;20.639,00;26.640,00;7,21;6,38;7,32;7,40;-;B+;B+;B+
Inhumas;MRG ANÁPOLIS;CENTRO GOIANO;52.204;médio porte;0,720;0,47;31.616.998,91;605,64;20.603,06;18.197,99;18.933,26;21.657,00;23.624,00;7,94;7,54;7,86;8,24;A;B+;B+;A
Ipameri;MRG CATALÃO;SUL GOIANO;25.548;pequeno porte II;0,701;0,51;19.332.295,33;756,70;49.975,29;33.016,71;44.237,45;55.481,00;67.166,00;8,53;8,58;8,97;8,41;-;-;A;B+
Ipiranga de Goiás;MRG CERES;CENTRO GOIANO;2.919;pequeno porte I;0,696;0,43;2.534.678,70;868,34;18.076,99;14.650,34;18.284,61;18.460,00;20.913,00;3,73;5,61;8,24;7,69;B+;B;A;A
Iporá;MRG IPORÁ;CENTRO GOIANO;35.684;pequeno porte II;0,743;0,52;22.535.059,89;631,52;19.707,11;16.009,52;18.040,93;20.854,00;23.924,00;7,82;7,37;8,43;7,40;B+;A;B+;B+
Israelândia;MRG IPORÁ;CENTRO GOIANO;2.560;pequeno porte I;0,711;0,44;3.011.805,26;1.176,49;16.852,13;13.690,47;15.650,05;17.254,00;20.814,00;7,66;7,85;9,07;7,90;B+;A;B+;B+
Itaberaí;MRG ANÁPOLIS;CENTRO GOIANO;44.734;pequeno porte II;0,719;0,56;20.663.508,66;461,92;28.098,45;22.879,75;26.430,06;30.571,00;32.513,00;6,83;7,44;7,34;6,40;A;B+;B+;B+
Itaguari;MRG ANÁPOLIS;CENTRO GOIANO;4.963;pequeno porte I;0,693;0,39;4.067.683,01;819,60;14.421,56;12.008,92;12.565,32;15.084,00;18.028,00;6,72;7,13;7,31;7,15;A;-;-;A
Itaguaru;MRG ANÁPOLIS;CENTRO GOIANO;4.904;pequeno porte I;0,718;0,46;4.234.094,77;863,40;13.735,00;11.376,26;12.432,75;14.624,00;16.507,00;7,61;8,41;9,00;9,50;B;B+;A;B+
Itajá;MRG QUIRINÓPOLIS;SUL GOIANO;4.380;pequeno porte I;0,691;0,45;5.805.403,44;1.325,43;21.392,65;19.156,24;20.693,37;21.534,00;24.187,00;7,28;6,63;8,03;9,54;C+;C+;B+;B
Itapaci;MRG CERES;CENTRO GOIANO;21.087;pequeno porte II;0,725;0,56;12.634.058,29;599,14;16.067,49;14.288,46;15.213,50;15.211,00;19.557,00;7,92;7,34;8,05;7,79;-;C+;B+;B+
Itapirapuã;MRG RIO VERMELHO;NOROESTE GOIANO;8.007;pequeno porte I;0,677;0,46;6.559.152,68;819,18;26.415,67;18.876,56;21.765,10;26.910,00;38.111,00;7,59;8,07;9,10;7,85;A;B+;B;B+
Itapuranga;MRG CERES;CENTRO GOIANO;26.113;pequeno porte II;0,726;0,49;16.769.120,92;642,18;16.052,32;13.889,33;14.523,96;16.339,00;19.457,00;8,13;8,84;8,69;9,15;B+;-;B+;-
Itarumã;MRG QUIRINÓPOLIS;SUL GOIANO;6.101;pequeno porte I;0,693;0,60;7.096.800,37;1.163,22;31.895,14;22.735,06;32.934,50;34.553,00;37.358,00;8,12;8,63;8,49;9,14;-;B;B+;A
Itauçu;MRG ANÁPOLIS;CENTRO GOIANO;7.736;pequeno porte I;0,718;0,46;6.022.090,71;778,45;16.401,33;15.216,86;14.219,45;15.978,00;20.191,00;8,00;7,97;8,69;8,15;-;-;-;B+
Itumbiara;MRG MEIA PONTE;SUL GOIANO;107.970;grande porte;0,752;0,49;65.403.778,26;605,76;41.184,15;38.763,45;40.477,15;40.400,00;45.096,00;6,85;5,99;6,24;6,34;B;-;B;B+
Ivolândia;MRG IPORÁ;CENTRO GOIANO;2.693;pequeno porte I;0,704;0,46;3.949.165,50;1.466,46;36.792,71;21.985,16;32.392,68;35.281,00;57.512,00;8,85;9,20;9,33;9,59;B;B;B+;B+
Jandaia;MRG VALE DO RIO DOS BOIS;SUL GOIANO;6.272;pequeno porte I;0,707;0,45;6.180.926,41;985,48;42.198,28;31.404,36;41.228,74;40.354,00;55.806,00;7,21;7,58;8,84;8,15;B+;B;B+;A
Jaraguá;MRG ANÁPOLIS;CENTRO GOIANO;45.223;pequeno porte II;0,699;0,47;16.553.749,93;366,05;14.362,39;14.125,30;13.390,27;14.196,00;15.738,00;6,75;6,46;6,90;7,06;B;B;B;B
Jataí;MRG SUDOESTE DE GOIÁS;SUL GOIANO;105.729;grande porte;0,757;0,57;83.394.628,12;788,76;46.038,21;37.772,42;41.620,42;46.149,00;58.611,00;6,98;7,59;7,41;7,31;B+;A;A;A
Jaupaci;MRG IPORÁ;CENTRO GOIANO;2.924;pequeno porte I;0,689;0,42;2.829.978,25;967,84;16.740,63;12.293,34;15.168,18;17.006,00;22.495,00;8,02;7,95;8,55;8,32;B;B;B;B+
Jesúpolis;MRG ANÁPOLIS;CENTRO GOIANO;2.123;pequeno porte I;0,649;0,45;2.179.067,52;1.026,41;11.506,34;10.246,42;10.585,94;11.768,00;13.425,00;6,25;6,98;7,24;7,86;B+;B+;B+;B+
Joviânia;MRG MEIA PONTE;SUL GOIANO;7.159;pequeno porte I;0,706;0,49;6.221.245,15;869,01;28.528,07;21.932,17;28.443,11;28.515,00;35.222,00;7,68;7,64;8,45;8,25;B+;-;B;B
Jussara;MRG RIO VERMELHO;NOROESTE GOIANO;19.620;pequeno porte I;0,743;0,66;12.849.765,33;654,93;24.898,30;21.181,34;22.218,87;23.959,00;32.234,00;7,15;7,70;7,39;7,10;B+;B;A;A
Lagoa Santa;MRG QUIRINÓPOLIS;SUL GOIANO;1.390;pequeno porte I;0,740;0,52;3.003.241,83;2.160,61;25.353,85;23.333,57;26.050,84;25.332,00;26.699,00;7,71;7,27;7,72;5,76;-;-;A;B+
Leopoldo de Bulhões;MRG GOIÂNIA;CENTRO GOIANO;8.745;pequeno porte I;0,659;0,45;5.460.644,49;624,43;27.430,91;19.890,26;23.784,36;29.507,00;36.542,00;7,91;7,25;7,40;7,18;-;B+;B+;B+
Luziânia;MRG ENTORNO DE BRASÍLIA;LESTE GOIANO;209.129;grande porte;0,701;0,51;74.945.928,83;358,37;18.415,81;16.190,13;17.471,11;17.452,00;22.550,00;4,96;4,61;4,55;4,25;B+;B;B+;B+
Mairipotaba;MRG MEIA PONTE;SUL GOIANO;2.561;pequeno porte I;0,745;0,68;2.975.845,04;1.161,99;22.754,73;16.498,50;23.085,43;21.190,00;30.245,00;8,77;9,28;8,88;8,01;A;B;B+;B+
Mambaí;MRG VÃO DO PARANÃ;LESTE GOIANO;8.124;pequeno porte I;0,626;0,55;5.880.640,49;723,86;9.361,47;9.086,14;9.424,74;9.382,00;9.553,00;7,13;7,36;7,48;7,32;-;-;B;-
Mara Rosa;MRG PORANGATU;NORTE GOIANO;10.700;pequeno porte I;0,691;0,49;7.801.528,70;729,11;19.988,51;15.345,70;17.278,33;19.956,00;27.374,00;6,33;6,77;7,83;7,68;C+;B;B+;B
Marzagão;MRG MEIA PONTE;SUL GOIANO;2.758;pequeno porte I;0,699;0,47;3.491.324,58;1.265,89;18.945,89;17.217,03;17.083,52;18.871,00;22.612,00;8,47;8,99;8,80;8,85;B+;B+;-;B+
Matrinchã;MRG RIO VERMELHO;NOROESTE GOIANO;4.042;pequeno porte I;0,679;0,42;4.517.718,11;1.117,69;23.085,32;17.407,26;21.738,00;22.460,00;30.736,00;8,30;8,31;8,86;9,48;-;B+;B;B+
Maurilândia;MRG SUDOESTE DE GOIÁS;SUL GOIANO;10.304;pequeno porte I;0,677;0,42;7.346.119,50;712,94;15.055,66;14.161,29;14.248,34;16.350,00;15.463,00;5,80;5,16;5,11;7,10;-;B;A;B+
Mimoso de Goiás;MRG ENTORNO DE BRASÍLIA;LESTE GOIANO;2.614;pequeno porte I;0,665;0,59;3.217.911,63;1.231,03;30.370,70;17.122,93;15.274,88;21.908,00;67.177,00;7,21;7,46;6,32;7,55;-;B;B+;A
Minaçu;MRG PORANGATU;NORTE GOIANO;27.075;pequeno porte II;0,707;0,55;24.064.755,35;888,82;32.627,81;28.920,82;32.202,43;35.258,00;34.130,00;6,18;5,50;5,78;6,20;B;B;B;B
Mineiros;MRG SUDOESTE DE GOIÁS;SUL GOIANO;70.081;médio porte;0,718;0,56;55.030.001,51;785,23;36.691,86;32.394,61;36.703,84;39.248,00;38.421,00;5,99;6,88;7,60;7,74;B+;B+;B+;B
Moiporá;MRG IPORÁ;CENTRO GOIANO;1.685;pequeno porte I;0,696;0,43;2.893.058,60;1.716,95;22.319,74;17.745,86;20.486,08;22.425,00;28.622,00;7,89;7,75;6,57;7,99;B+;B+;B+;B+
Monte Alegre de Goiás;MRG CHAPADA DOS VEADEIROS;NORTE GOIANO;6.692;pequeno porte I;0,615;0,61;5.785.280,50;864,51;9.938,18;8.961,29;9.732,41;9.645,00;11.414,00;5,98;6,79;6,88;8,20;C+;-;B;B
Montes Claros de Goiás;MRG ARAGARÇAS;NOROESTE GOIANO;8.756;pequeno porte I;0,707;0,50;7.661.567,24;875,01;39.069,69;30.771,31;34.807,44;36.431,00;54.269,00;7,86;8,16;8,88;7,83;B+;B+;B+;C+
Montividiu;MRG SUDOESTE DE GOIÁS;SUL GOIANO;12.521;pequeno porte I;0,733;0,48;9.121.586,54;728,50;60.928,94;49.593,91;59.010,83;59.494,00;75.617,00;7,14;6,63;7,82;6,74;B;B;B+;B
Montividiu do Norte;MRG PORANGATU;NORTE GOIANO;3.779;pequeno porte I;0,613;0,57;3.640.460,17;963,34;14.958,66;11.939,17;13.920,45;15.682,00;18.293,00;7,22;6,74;7,29;7,31;B+;A;A;A
Morrinhos;MRG MEIA PONTE;SUL GOIANO;51.351;médio porte;0,734;0,50;21.285.682,68;414,51;29.075,85;25.229,07;27.621,32;29.978,00;33.475,00;8,02;7,67;8,12;8,07;B;B;B+;B+
Morro Agudo de Goiás;MRG CERES;CENTRO GOIANO;2.456;pequeno porte I;0,695;0,42;3.111.228,33;1.266,79;16.753,16;13.735,73;15.196,89;17.211,00;20.869,00;8,15;8,66;9,44;8,98;-;B;A;A
Mossâmedes;MRG ANICUNS;CENTRO GOIANO;4.654;pequeno porte I;0,706;0,51;4.740.674,30;1.018,62;18.891,62;15.220,20;16.565,28;17.888,00;25.893,00;8,63;7,75;9,46;8,83;B;B;C+;B
Mozarlândia;MRG SÃO MIGUEL DO ARAGUAIA;NOROESTE GOIANO;14.750;pequeno porte I;0,683;0,44;14.918.692,31;1.011,44;38.670,76;32.120,47;30.713,58;34.244,00;57.605,00;6,62;6,56;6,54;6,55;B+;-;A;A
Mundo Novo;MRG SÃO MIGUEL DO ARAGUAIA;NOROESTE GOIANO;6.189;pequeno porte I;0,634;0,48;4.875.794,45;787,82;20.055,43;15.428,91;18.190,80;19.101,00;27.501,00;6,83;8,46;8,82;8,65;B+;B+;A;B+
Mutunópolis;MRG PORANGATU;NORTE GOIANO;3.564;pequeno porte I;0,680;0,55;5.051.390,60;1.417,34;16.000,87;13.156,70;15.122,79;16.136,00;19.588,00;7,03;7,44;8,74;8,88;B;-;B;B
Nazário;MRG ANICUNS;CENTRO GOIANO;8.189;pequeno porte I;0,710;0,50;5.237.490,47;639,58;20.474,30;16.427,65;19.143,56;19.632,00;26.694,00;7,70;7,22;8,29;7,98;-;B;B;B+
Nerópolis;MRG GOIÂNIA;CENTRO GOIANO;31.932;pequeno porte II;0,721;0,43;28.721.265,36;899,45;25.431,06;22.358,46;23.208,78;24.914,00;31.243,00;8,70;8,65;8,73;8,33;B+;C+;A;A
Niquelândia;MRG PORANGATU;NORTE GOIANO;34.964;pequeno porte II;0,715;0,54;18.186.385,41;520,15;22.580,37;22.871,71;20.463,76;24.042,00;22.944,00;7,28;6,85;6,59;6,83;B+;B;-;A
Nova América;MRG CERES;CENTRO GOIANO;2.337;pequeno porte I;0,678;0,37;3.257.002,99;1.393,67;15.602,85;13.658,65;15.139,76;15.980,00;17.633,00;6,10;7,73;8,25;9,01;A;A;A;A
Nova Aurora;MRG CATALÃO;SUL GOIANO;2.101;pequeno porte I;0,747;0,44;3.095.348,44;1.473,27;21.768,82;16.485,72;22.072,55;22.375,00;26.142,00;6,36;6,88;7,78;7,35;B;B+;B+;A
Nova Crixás;MRG SÃO MIGUEL DO ARAGUAIA;NOROESTE GOIANO;12.815;pequeno porte I;0,643;0,50;10.317.622,25;805,12;29.413,84;23.231,26;29.242,11;27.856,00;37.326,00;6,87;8,07;7,84;8,14;-;C;B+;B+
Nova Glória;MRG CERES;CENTRO GOIANO;8.310;pequeno porte I;0,681;0,49;3.681.437,51;443,01;13.787,22;11.964,31;14.062,55;14.323,00;14.799,00;4,80;5,97;6,41;6,82;C+;B+;B+;B+
Nova Iguaçu de Goiás;MRG PORANGATU;NORTE GOIANO;3.010;pequeno porte I;0,655;0,40;2.901.777,85;964,05;13.714,78;11.561,93;11.949,17;14.068,00;17.280,00;7,23;5,82;7,53;6,79;B+;B+;B;-
Nova Roma;MRG CHAPADA DOS VEADEIROS;NORTE GOIANO;3.076;pequeno porte I;0,634;0,46;3.911.617,65;1.271,66;13.586,68;10.322,81;13.277,91;13.668,00;17.078,00;5,68;7,06;7,92;7,71;-;-;C+;-
Nova Veneza;MRG ANÁPOLIS;CENTRO GOIANO;9.481;pequeno porte I;0,718;0,43;6.536.584,51;689,44;17.032,23;14.907,77;17.486,15;18.864,00;16.871,00;7,75;8,25;8,28;7,93;B;-;B;B
Novo Brasil;MRG IPORÁ;CENTRO GOIANO;3.527;pequeno porte I;0,699;0,44;4.741.823,10;1.344,44;19.680,09;16.856,77;17.902,58;18.792,00;25.169,00;8,37;8,34;8,95;9,51;-;B+;B;B+
Novo Gama;MRG ENTORNO DE BRASÍLIA;LESTE GOIANO;103.804;grande porte;0,684;0,49;25.626.899,35;246,88;8.051,95;7.170,36;7.501,44;8.403,00;9.133,00;4,40;4,35;3,79;4,82;-;B;B;B
Novo Planalto;MRG SÃO MIGUEL DO ARAGUAIA;NOROESTE GOIANO;3.716;pequeno porte I;0,658;0,51;3.117.247,35;838,87;20.171,07;15.281,80;16.866,47;23.336,00;25.200,00;6,87;6,00;6,33;6,30;B+;-;B+;-
Orizona;MRG PIRES DO RIO;SUL GOIANO;16.399;pequeno porte I;0,715;0,51;9.103.486,78;555,12;32.307,46;24.751,11;30.023,74;33.461,00;40.994,00;7,93;7,59;7,81;7,69;A;B+;A;A
Ouro Verde de Goiás;MRG ANÁPOLIS;CENTRO GOIANO;4.057;pequeno porte I;0,719;0,49;4.714.315,58;1.162,02;28.474,74;21.463,01;21.971,96;28.878,00;41.586,00;6,92;6,82;7,40;7,65;A;B;A;B+
Ouvidor;MRG CATALÃO;SUL GOIANO;7.200;pequeno porte I;0,747;0,45;9.516.875,05;1.321,79;88.386,28;53.419,21;95.794,89;116.335,00;87.996,00;6,45;7,12;8,94;9,44;B+;B+;B;B+
Padre Bernardo;MRG ENTORNO DE BRASÍLIA;LESTE GOIANO;34.967;pequeno porte II;0,651;0,57;17.557.675,12;502,12;16.399,56;12.658,99;15.678,25;15.252,00;22.009,00;6,90;6,34;7,03;6,88;B;B;B+;B
Palestina de Goiás;MRG SUDOESTE DE GOIÁS;SUL GOIANO;3.132;pequeno porte I;0,713;0,39;3.478.746,61;1.110,71;28.193,40;23.965,22;28.429,38;26.533,00;33.846,00;6,30;8,43;9,18;8,77;-;B;B;A
Palmeiras de Goiás;MRG VALE DO RIO DOS BOIS;SUL GOIANO;31.858;pequeno porte II;0,698;0,45;20.304.848,78;637,35;36.004,56;29.795,31;30.667,93;35.537,00;48.018,00;7,11;5,40;6,81;7,52;B+;B+;B+;A
Palmelo;MRG PIRES DO RIO;SUL GOIANO;2.259;pequeno porte I;0,730;0,58;3.963.759,70;1.754,65;14.566,41;11.581,30;12.224,33;16.428,00;18.032,00;9,01;9,63;9,15;8,25;-;C;B;-
Palminópolis;MRG VALE DO RIO DOS BOIS;SUL GOIANO;3.851;pequeno porte I;0,722;0,53;4.176.983,44;1.084,65;32.745,82;15.151,81;31.401,45;40.021,00;44.409,00;7,60;8,77;9,17;8,74;B+;-;B+;B+
Panamá;MRG MEIA PONTE;SUL GOIANO;2.455;pequeno porte I;0,686;0,44;3.589.205,73;1.462,00;30.503,06;22.784,43;30.242,79;33.256,00;35.729,00;6,22;7,88;7,18;9,75;B+;B;B+;A
Paranaiguara;MRG QUIRINÓPOLIS;SUL GOIANO;7.607;pequeno porte I;0,711;0,44;9.268.271,94;1.218,39;17.995,15;14.789,68;18.278,93;18.570,00;20.342,00;8,04;8,01;8,36;8,99;B;B;-;B+
Paraúna;MRG VALE DO RIO DOS BOIS;SUL GOIANO;10.659;pequeno porte I;0,672;0,48;13.610.964,58;1.276,95;80.219,67;55.746,39;72.605,27;81.939,00;110.588,00;7,62;8,02;8,78;8,79;B;C+;B;A
Perolândia;MRG SUDOESTE DE GOIÁS;SUL GOIANO;2.964;pequeno porte I;0,676;0,50;5.273.021,97;1.779,02;123.628,80;100.665,54;134.919,66;107.357,00;151.573,00;6,46;6,13;7,37;7,36;C+;B;B;B+
Petrolina de Goiás;MRG ANÁPOLIS;CENTRO GOIANO;9.573;pequeno porte I;0,712;0,42;5.518.828,09;576,50;13.636,20;11.683,92;12.732,88;14.366,00;15.762,00;7,45;7,75;8,73;7,96;B+;-;C+;B+
Pilar de Goiás;MRG CERES;CENTRO GOIANO;2.328;pequeno porte I;0,684;0,54;4.393.366,20;1.887,18;65.553,68;42.473,68;60.385,05;86.654,00;72.702,00;5,15;6,80;7,77;6,08;B+;B+;B+;A
Piracanjuba;MRG MEIA PONTE;SUL GOIANO;24.883;pequeno porte II;0,721;0,48;16.221.281,62;651,90;33.261,94;26.472,52;29.862,24;32.400,00;44.313,00;7,85;7,39;7,79;8,86;C+;B;B+;B+
Piranhas;MRG ARAGARÇAS;NOROESTE GOIANO;11.712;pequeno porte I;0,721;0,50;8.651.252,46;738,67;34.971,80;26.689,74;31.821,44;36.039,00;45.337,00;7,84;7,52;8,46;7,61;B+;-;B;B
Pirenópolis;MRG ENTORNO DE BRASÍLIA;LESTE GOIANO;26.690;pequeno porte II;0,693;0,50;8.958.035,64;335,63;17.625,09;16.422,19;14.120,17;18.116,00;21.842,00;7,05;7,92;7,81;7,52;B+;B;B+;-
Pires do Rio;MRG PIRES DO RIO;SUL GOIANO;32.373;pequeno porte II;0,744;0,47;19.207.190,77;593,31;27.458,52;21.904,46;25.487,60;28.706,00;33.736,00;6,24;6,19;6,86;6,74;B+;B+;B+;B
Planaltina;MRG ENTORNO DE BRASÍLIA;LESTE GOIANO;105.031;grande porte;0,669;0,45;45.511.599,82;433,32;11.848,70;10.236,65;10.896,14;12.177,00;14.085,00;6,51;6,97;6,80;6,98;B+;-;C+;B+
Pontalina;MRG MEIA PONTE;SUL GOIANO;18.309;pequeno porte I;0,687;0,55;9.484.857,81;518,04;27.108,85;22.934,52;24.999,87;27.501,00;33.000,00;6,84;6,56;7,62;8,14;B+;B+;B+;B+
Porangatu;MRG PORANGATU;NORTE GOIANO;44.317;pequeno porte II;0,727;0,57;30.017.695,56;677,34;20.032,69;18.262,03;18.775,73;20.812,00;22.281,00;6,23;6,22;6,91;7,65;B+;B;B;B
Porteirão;MRG MEIA PONTE;SUL GOIANO;4.070;pequeno porte I;0,684;0,41;3.714.416,63;912,63;52.954,20;46.433,54;61.808,27;49.981,00;53.594,00;7,23;7,26;9,30;8,01;-;B;B+;A
Portelândia;MRG SUDOESTE DE GOIÁS;SUL GOIANO;3.280;pequeno porte I;0,654;0,40;5.208.856,69;1.588,07;50.414,05;39.385,74;51.122,47;53.969,00;57.179,00;8,30;7,92;8,06;8,53;B+;-;-;B+
Posse;MRG VÃO DO PARANÃ;LESTE GOIANO;34.914;pequeno porte II;0,659;0,55;21.272.738,95;609,29;13.782,12;12.436,66;13.190,83;13.965,00;15.536,00;5,68;5,56;6,62;7,41;-;-;C+;-
Professor Jamil;MRG MEIA PONTE;SUL GOIANO;3.649;pequeno porte I;0,684;0,44;3.339.470,85;915,17;17.687,48;17.737,09;14.953,82;18.188,00;19.871,00;7,36;6,10;7,34;6,38;B+;B+;B+;B+
Quirinópolis;MRG QUIRINÓPOLIS;SUL GOIANO;48.447;pequeno porte II;0,740;0,48;30.352.106,32;626,50;33.677,73;28.478,89;33.075,02;34.104,00;39.053,00;6,35;7,48;7,72;7,80;B;B;B+;B
Rialma;MRG CERES;CENTRO GOIANO;12.165;pequeno porte I;0,727;0,45;5.810.655,31;477,65;19.462,38;14.873,91;17.329,59;20.226,00;25.420,00;7,29;8,00;8,67;8,13;B+;B;B+;B+
Rianápolis;MRG CERES;CENTRO GOIANO;3.980;pequeno porte I;0,693;0,42;3.896.418,93;979,00;18.963,37;22.009,77;18.824,72;19.676,00;15.343,00;6,82;7,10;7,80;7,96;-;B+;A;A
Rio Quente;MRG MEIA PONTE;SUL GOIANO;3.864;pequeno porte I;0,731;0,47;6.720.369,44;1.739,23;67.081,64;67.331,86;68.261,68;74.660,00;58.073,00;7,12;7,96;7,36;7,40;-;-;B;A
Rio Verde;MRG SUDOESTE DE GOIÁS;SUL GOIANO;225.696;grande porte;0,754;0,56;191.241.168,39;847,34;41.706,57;36.565,56;39.288,71;41.815,00;49.157,00;5,44;5,17;5,26;5,65;-;B+;B+;B
Rubiataba;MRG CERES;CENTRO GOIANO;19.788;pequeno porte I;0,719;0,45;15.947.100,72;805,90;21.387,20;17.239,96;20.751,85;21.818,00;25.739,00;7,91;8,33;9,06;9,07;B+;B;B+;B+
Sanclerlândia;MRG ANICUNS;CENTRO GOIANO;7.918;pequeno porte I;0,736;0,48;5.657.778,87;714,55;18.858,71;16.400,44;16.517,38;17.779,00;24.738,00;7,60;7,47;7,66;8,25;-;B+;B+;A
Santa Bárbara de Goiás;MRG ANICUNS;CENTRO GOIANO;6.149;pequeno porte I;0,706;0,39;4.490.014,39;730,20;16.233,86;18.248,78;14.794,64;14.457,00;17.435,00;7,94;7,62;8,24;8,65;B+;-;B+;B+
Santa Cruz de Goiás;MRG PIRES DO RIO;SUL GOIANO;3.002;pequeno porte I;0,688;0,49;4.528.333,96;1.508,44;42.935,82;31.040,28;34.771,00;45.475,00;60.457,00;7,36;8,66;8,81;8,97;-;B;B;B+
Santa Fé de Goiás;MRG RIO VERMELHO;NOROESTE GOIANO;4.951;pequeno porte I;0,713;0,49;5.233.673,98;1.057,09;44.795,32;39.161,14;39.387,12;54.503,00;46.130,00;7,33;7,32;7,16;7,59;B+;A;A;A
Santa Helena de Goiás;MRG SUDOESTE DE GOIÁS;SUL GOIANO;38.492;pequeno porte II;0,724;0,53;31.267.929,52;812,32;28.727,40;24.758,05;26.844,54;28.545,00;34.762,00;8,43;8,54;8,29;7,90;-;C+;B;A
Santa Isabel;MRG CERES;CENTRO GOIANO;3.538;pequeno porte I;0,683;0,40;3.553.268,89;1.004,32;19.777,09;16.845,39;19.788,97;19.360,00;23.114,00;7,18;7,70;7,50;7,83;-;B;B;A
Santa Rita do Araguaia;MRG SUDOESTE DE GOIÁS;SUL GOIANO;5.924;pequeno porte I;0,714;0,49;4.163.958,24;702,90;16.437,34;16.686,60;18.525,75;14.722,00;15.815,00;5,23;5,53;5,87;5,08;B;-;A;B
Santa Rita do Novo Destino;MRG CERES;CENTRO GOIANO;2.689;pequeno porte I;0,634;0,45;2.732.522,61;1.016,19;22.020,12;15.569,11;20.572,35;25.329,00;26.610,00;3,85;6,58;5,93;7,13;-;-;B+;-
Santa Rosa de Goiás;MRG ANÁPOLIS;CENTRO GOIANO;2.820;pequeno porte I;0,701;0,43;3.872.582,25;1.373,26;17.273,64;14.252,79;15.965,78;17.228,00;21.648,00;7,75;8,25;8,74;9,29;-;B+;B;B+
Santa Tereza de Goiás;MRG PORANGATU;NORTE GOIANO;3.293;pequeno porte I;0,665;0,53;4.232.006,94;1.285,15;16.662,52;13.014,62;14.958,44;17.647,00;21.030,00;6,88;6,77;8,58;8,80;B;B+;B;A
Santa Terezinha de Goiás;MRG PORANGATU;NORTE GOIANO;10.645;pequeno porte I;0,701;0,52;6.152.676,99;577,99;14.229,09;11.663,41;13.239,96;14.529,00;17.484,00;6,64;6,48;6,56;7,35;B+;-;B+;-
Santo Antônio da Barra;MRG SUDOESTE DE GOIÁS;SUL GOIANO;4.267;pequeno porte I;0,691;0,44;4.073.568,51;954,67;43.004,73;31.985,39;37.196,51;47.390,00;55.447,00;5,92;6,55;7,58;7,15;B+;B+;B+;B+
Santo Antônio de Goiás;MRG GOIÂNIA;CENTRO GOIANO;7.386;pequeno porte I;0,723;0,44;4.233.314,21;573,15;22.975,99;25.363,94;22.391,02;21.480,00;22.669,00;7,21;8,18;8,81;8,55;-;B+;B+;A
Santo Antônio do Descoberto;MRG ENTORNO DE BRASÍLIA;LESTE GOIANO;72.127;médio porte;0,665;0,47;24.243.677,36;336,12;8.804,39;7.905,06;8.320,50;9.129,00;9.863,00;5,90;5,64;5,40;5,53;-;C;B;C+
São Domingos;MRG VÃO DO PARANÃ;LESTE GOIANO;9.711;pequeno porte I;0,597;0,62;6.506.174,02;669,98;13.684,26;10.351,91;11.816,12;12.550,00;20.019,00;6,13;5,77;6,70;6,99;-;-;B+;B
São Francisco de Goiás;MRG ANÁPOLIS;CENTRO GOIANO;6.378;pequeno porte I;0,651;0,47;3.984.070,63;624,66;15.584,32;14.270,98;14.625,31;16.380,00;17.061,00;6,57;6,50;7,10;6,62;C+;-;B+;B
São João d'Aliança;MRG CHAPADA DOS VEADEIROS;NORTE GOIANO;14.041;pequeno porte I;0,685;0,50;7.569.152,85;539,08;23.569,03;17.399,51;23.186,59;21.887,00;31.803,00;7,55;7,52;7,36;7,94;B;B;B;C+
São João da Paraúna;MRG VALE DO RIO DOS BOIS;SUL GOIANO;1.774;pequeno porte I;0,724;0,54;2.181.511,32;1.229,71;35.393,83;25.273,80;29.900,52;36.905,00;49.496,00;6,91;7,75;7,76;7,77;-;A;A;B+
São Luis de Montes Belos;MRG ANICUNS;CENTRO GOIANO;33.852;pequeno porte II;0,731;0,49;24.805.103,93;732,75;26.286,79;18.884,16;23.906,00;25.256,00;37.101,00;7,87;6,91;8,03;8,67;A;B+;B;B+
São Luiz do Norte;MRG CERES;CENTRO GOIANO;4.837;pequeno porte I;0,669;0,40;5.044.520,01;1.042,90;20.769,76;15.180,54;18.096,49;23.726,00;26.076,00;7,93;6,95;8,13;6,96;A;A;A;A
São Miguel do Araguaia;MRG SÃO MIGUEL DO ARAGUAIA;NOROESTE GOIANO;21.900;pequeno porte II;0,664;0,51;15.018.591,28;685,78;22.074,89;18.739,05;22.635,52;21.981,00;24.944,00;7,31;6,93;8,36;7,34;B+;-;-;B
São Miguel do Passa Quatro;MRG PIRES DO RIO;SUL GOIANO;4.464;pequeno porte I;0,697;0,44;3.491.758,01;782,20;35.747,98;26.317,02;32.025,88;36.170,00;48.479,00;6,31;8,04;8,42;7,05;B+;B;A;A
São Patrício;MRG CERES;CENTRO GOIANO;2.143;pequeno porte I;0,693;0,45;2.826.438,12;1.318,92;18.027,39;15.254,70;17.277,84;17.267,00;22.310,00;7,35;7,33;7,22;5,97;B+;-;B+;A
São Simão;MRG QUIRINÓPOLIS;SUL GOIANO;17.020;pequeno porte I;0,720;0,56;31.681.925,74;1.861,45;86.232,23;118.719,45;121.806,46;38.132,00;66.271,00;7,09;6,88;8,30;8,46;B;B;B;B
Senador Canedo;MRG GOIÂNIA;CENTRO GOIANO;155.635;grande porte;0,701;0,44;95.131.364,94;611,25;30.850,36;24.513,13;33.136,31;33.324,00;32.428,00;7,58;7,22;7,45;7,10;-;B+;B+;B+
Serranópolis;MRG SUDOESTE DE GOIÁS;SUL GOIANO;8.027;pequeno porte I;0,681;0,49;6.027.174,11;750,86;48.411,32;35.423,77;52.079,49;48.460,00;57.682,00;7,13;7,02;8,05;8,53;B;B+;C+;B
Silvânia;MRG PIRES DO RIO;SUL GOIANO;22.245;pequeno porte II;0,709;0,51;14.324.674,54;643,95;33.360,13;25.111,63;30.457,89;35.837,00;42.034,00;7,51;7,33;8,24;8,51;B;-;-;A
Simolândia;MRG VÃO DO PARANÃ;LESTE GOIANO;5.742;pequeno porte I;0,645;0,48;5.272.117,17;918,17;15.107,71;11.158,20;13.216,64;15.145,00;20.911,00;6,57;6,65;6,94;8,16;C+;C;C+;-
Sítio d'Abadia;MRG VÃO DO PARANÃ;LESTE GOIANO;2.927;pequeno porte I;0,617;0,57;3.271.825,54;1.117,81;15.633,99;12.307,46;12.330,50;16.273,00;21.625,00;7,65;7,18;7,80;7,94;-;C+;B;B+
Taquaral de Goiás;MRG ANÁPOLIS;CENTRO GOIANO;4.026;pequeno porte I;0,716;0,44;4.410.837,26;1.095,59;18.150,60;15.428,54;15.609,85;18.072,00;23.492,00;8,69;7,52;8,98;8,64;C+;B+;B+;A
Teresina de Goiás;MRG CHAPADA DOS VEADEIROS;NORTE GOIANO;2.701;pequeno porte I;0,661;0,53;3.983.438,16;1.474,80;9.263,01;8.401,51;8.934,51;9.502,00;10.214,00;6,88;7,02;7,17;7,24;B;B;B;B
Terezópolis de Goiás;MRG GOIÂNIA;CENTRO GOIANO;7.944;pequeno porte I;0,685;0,44;4.582.419,80;576,84;23.135,15;21.699,22;24.369,39;25.325,00;21.147,00;5,71;6,42;6,29;6,94;B+;-;A;A
Três Ranchos;MRG CATALÃO;SUL GOIANO;2.921;pequeno porte I;0,745;0,47;3.903.690,34;1.336,42;16.941,41;15.039,97;15.079,68;17.453,00;20.193,00;7,11;7,40;7,95;8,05;B+;B;B;B+
Trindade;MRG GOIÂNIA;CENTRO GOIANO;142.431;grande porte;0,699;0,43;55.503.333,77;389,69;16.499,06;13.960,33;16.276,89;17.166,00;18.593,00;7,09;7,42;7,73;7,76;B+;A;A;A
Trombas;MRG PORANGATU;NORTE GOIANO;3.120;pequeno porte I;0,653;0,53;3.799.422,62;1.217,76;13.827,64;10.868,56;12.673,01;14.780,00;16.989,00;8,51;8,09;8,68;7,79;B+;B+;A;A
Turvânia;MRG ANICUNS;CENTRO GOIANO;4.480;pequeno porte I;0,697;0,50;4.610.713,82;1.029,18;19.620,26;17.679,99;18.252,03;18.364,00;24.185,00;8,28;8,90;8,26;8,71;B+;A;A;B+
Turvelândia;MRG VALE DO RIO DOS BOIS;SUL GOIANO;4.985;pequeno porte I;0,691;0,45;5.827.594,85;1.169,03;74.395,20;61.302,61;81.567,20;67.650,00;87.061,00;6,01;7,14;8,34;8,42;-;-;A;B+
Uirapuru;MRG SÃO MIGUEL DO ARAGUAIA;NOROESTE GOIANO;2.798;pequeno porte I;0,670;0,45;2.868.907,47;1.025,34;16.045,03;13.249,74;14.815,38;15.234,00;20.881,00;5,63;7,37;6,85;6,27;B+;-;B;B
Uruaçu;MRG PORANGATU;NORTE GOIANO;42.546;pequeno porte II;0,737;0,58;24.606.375,99;578,35;21.064,97;18.354,43;18.774,45;21.020,00;26.111,00;8,05;8,04;7,90;8,37;B+;B;B;B+
Uruana;MRG CERES;CENTRO GOIANO;13.729;pequeno porte I;0,703;0,48;8.539.636,30;622,01;15.086,05;11.727,30;14.343,91;15.277,00;18.996,00;7,45;6,95;8,32;7,62;B+;-;A;B+
Urutaí;MRG PIRES DO RIO;SUL GOIANO;3.553;pequeno porte I;0,732;0,50;3.450.933,42;971,27;29.036,86;26.923,94;26.598,50;28.373,00;34.252,00;5,61;6,63;6,67;7,28;B+;B+;A;A
Valparaíso de Goiás;MRG ENTORNO DE BRASÍLIA;LESTE GOIANO;198.861;grande porte;0,746;0,53;60.782.649,36;305,65;14.767,59;13.210,69;14.699,68;15.539,00;15.621,00;5,41;5,53;5,49;5,63;-;C;B+;B
Varjão;MRG VALE DO RIO DOS BOIS;SUL GOIANO;3.716;pequeno porte I;0,687;0,47;3.600.383,39;968,89;17.166,73;14.101,26;15.139,67;17.334,00;22.092,00;6,63;6,53;6,32;5,07;-;B;A;A
Vianópolis;MRG PIRES DO RIO;SUL GOIANO;14.956;pequeno porte I;0,712;0,47;9.007.210,65;602,25;31.069,70;22.699,57;27.534,21;32.025,00;42.020,00;6,78;7,22;8,47;8,61;B+;B+;B+;A
Vicentinópolis;MRG MEIA PONTE;SUL GOIANO;8.768;pequeno porte I;0,684;0,48;8.380.515,21;955,81;40.116,50;34.248,14;41.609,86;37.436,00;47.172,00;7,55;7,77;7,89;7,55;B;B;A;B+
Vila Boa;MRG ENTORNO DE BRASÍLIA;LESTE GOIANO;4.215;pequeno porte I;0,647;0,49;4.371.941,80;1.037,23;19.220,17;16.845,67;23.565,00;17.160,00;19.310,00;7,50;7,94;7,27;7,54;-;C+;C+;-
Vila Propício;MRG ENTORNO DE BRASÍLIA;LESTE GOIANO;5.815;pequeno porte I;0,634;0,52;4.689.843,49;806,51;32.026,01;25.085,91;37.431,13;28.444,00;37.143,00;5,77;5,75;7,24;5,67;B+;-;B;B+
